symbol,table
RELIANCE.NS,inr
TCS.NS,inr
HDFCBANK.NS,inr
INFY.NS,inr
HINDUNILVR.NS,inr
ICICIBANK.NS,inr
HDFC.NS,inr
SBIN.NS,inr
BAJFINANCE.NS,inr
KOTAKBANK.NS,inr
WIPRO.NS,inr
BHARTIARTL.NS,inr
ASIANPAINT.NS,inr
HCLTECH.NS,inr
ITC.NS,inr
DMART.NS,inr
BAJAJFINSV.NS,inr
LT.NS,inr
ULTRACEMCO.NS,inr
AXISBANK.NS,inr
MARUTI.NS,inr
SUNPHARMA.NS,inr
JSWSTEEL.NS,inr
NESTLEIND.NS,inr
TATASTEEL.NS,inr
ADANIENT.NS,inr
TITAN.NS,inr
ONGC.NS,inr
ADANIPORTS.NS,inr
ADANIGREEN.NS,inr
HINDZINC.NS,inr
HDFCLIFE.NS,inr
DIVISLAB.NS,inr
TATAMTRDVR.NS,inr
TECHM.NS,inr
PIDILITIND.NS,inr
NTPC.NS,inr
VEDL.NS,inr
ZOMATO.NS,inr
BAJAJ-AUTO.NS,inr
SBILIFE.NS,inr
DABUR.NS,inr
TATAMOTORS.NS,inr
SHREECEM.NS,inr
GRASIM.NS,inr
GODREJCP.NS,inr
HINDALCO.NS,inr
ADANITRANS.NS,inr
ATGL.NS,inr
SBICARD.NS,inr
IOC.NS,inr
BPCL.NS,inr
M&M.NS,inr
ICICIPRULI.NS,inr
POWERGRID.NS,inr
COALINDIA.NS,inr
DLF.NS,inr
BRITANNIA.NS,inr
BERGEPAINT.NS,inr
LTI.NS,inr
AMBUJACEM.NS,inr
DRREDDY.NS,inr
INDUSINDBK.NS,inr
CIPLA.NS,inr
MOTHERSUMI.NS,inr
HAVELLS.NS,inr
MARICO.NS,inr
TATACONSUM.NS,inr
SIEMENS.NS,inr
EICHERMOT.NS,inr
ICICIGI.NS,inr
NAUKRI.NS,inr
GLAND.NS,inr
INDIGO.NS,inr
GAIL.NS,inr
MUTHOOTFIN.NS,inr
UPL.NS,inr
HDFCAMC.NS,inr
CADILAHC.NS,inr
INDUSTOWER.NS,inr
SAIL.NS,inr
APOLLOHOSP.NS,inr
HEROMOTOCO.NS,inr
AUROPHARMA.NS,inr
BATAINDIA.NS,inr
NMDC.NS,inr
PEL.NS,inr
TORNTPHARM.NS,inr
SRF.NS,inr
LUPIN.NS,inr
JUBLFOOD.NS,inr
GUJGASLTD.NS,inr
MPHASIS.NS,inr
MINDTREE.NS,inr
BANDHANBNK.NS,inr
BIOCON.NS,inr
COLPAL.NS,inr
BALKRISIND.NS,inr
MCDOWELL-N.NS,inr
BEL.NS,inr
ACC.NS,inr
BAJAJHLDNG.NS,inr
PIIND.NS,inr
BOSCHLTD.NS,inr
JINDALSTEL.NS,inr
JSWENERGY.NS,inr
PNB.NS,inr
ALKEM.NS,inr
PGHH.NS,inr
TATACOMM.NS,inr
IDBI.NS,inr
ABBOTINDIA.NS,inr
GODREJPROP.NS,inr
IOB.NS,inr
DALBHARAT.NS,inr
TATAPOWER.NS,inr
HINDPETRO.NS,inr
IGL.NS,inr
CHOLAFIN.NS,inr
ASHOKLEY.NS,inr
LTTS.NS,inr
MFSL.NS,inr
LODHA.NS,inr
UBL.NS,inr
HONAUT.NS,inr
AUBANK.NS,inr
HAL.NS,inr
IRCTC.NS,inr
OFSS.NS,inr
ADANIPOWER.NS,inr
ABB.NS,inr
BHARATFORG.NS,inr
CONCOR.NS,inr
SRTRANSFIN.NS,inr
PAGEIND.NS,inr
VOLTAS.NS,inr
LAURUSLABS.NS,inr
PFC.NS,inr
MRF.NS,inr
KANSAINER.NS,inr
TRENT.NS,inr
PETRONET.NS,inr
RUCHI.NS,inr
YESBANK.NS,inr
GICRE.NS,inr
ASTRAL.NS,inr
COFORGE.NS,inr
CROMPTON.NS,inr
IRFC.NS,inr
RECLTD.NS,inr
LALPATHLAB.NS,inr
IDFCFIRSTB.NS,inr
SUNDARMFIN.NS,inr
RELAXO.NS,inr
WHIRLPOOL.NS,inr
ABCAPITAL.NS,inr
DEEPAKNTR.NS,inr
3MINDIA.NS,inr
POLYCAB.NS,inr
TVSMOTOR.NS,inr
GLAXO.NS,inr
COROMANDEL.NS,inr
PFIZER.NS,inr
ATUL.NS,inr
MAXHEALTH.NS,inr
IPCALAB.NS,inr
NIACL.NS,inr
SUPREMEIND.NS,inr
NHPC.NS,inr
TATAELXSI.NS,inr
BAYERCROP.NS,inr
RAMCOCEM.NS,inr
SYNGENE.NS,inr
UNIONBANK.NS,inr
SONACOMS.NS,inr
CANBK.NS,inr
JKCEMENT.NS,inr
EMAMILTD.NS,inr
NAM-INDIA.NS,inr
OBEROIRLTY.NS,inr
ENDURANCE.NS,inr
BANKINDIA.NS,inr
PERSISTENT.NS,inr
IDEA.NS,inr
CUMMINSIND.NS,inr
ISEC.NS,inr
SUNTV.NS,inr
VBL.NS,inr
TORNTPOWER.NS,inr
APLAPOLLO.NS,inr
TIINDIA.NS,inr
SCHAEFFLER.NS,inr
BANKBARODA.NS,inr
SUMICHEM.NS,inr
ABFRL.NS,inr
INDIAMART.NS,inr
LICHSGFIN.NS,inr
BHEL.NS,inr
VINATIORGA.NS,inr
CRISIL.NS,inr
MINDAIND.NS,inr
HATSUN.NS,inr
HAPPSTMNDS.NS,inr
AJANTPHARM.NS,inr
AAVAS.NS,inr
GSPL.NS,inr
GILLETTE.NS,inr
ZEEL.NS,inr
TATACHEM.NS,inr
SANOFI.NS,inr
L&TFH.NS,inr
FLUOROCHEM.NS,inr
FORTIS.NS,inr
AIAENG.NS,inr
M&MFIN.NS,inr
NATCOPHARM.NS,inr
KIOCL.NS,inr
GODREJIND.NS,inr
RAJESHEXPO.NS,inr
NAVINFLUOR.NS,inr
OIL.NS,inr
MANAPPURAM.NS,inr
FEDERALBNK.NS,inr
NATIONALUM.NS,inr
INDHOTEL.NS,inr
GLENMARK.NS,inr
GMRINFRA.NS,inr
THERMAX.NS,inr
GRINFRA.NS,inr
CAMS.NS,inr
AARTIIND.NS,inr
SUNDRMFAST.NS,inr
ESCORTS.NS,inr
KAJARIACER.NS,inr
INDIANB.NS,inr
APLLTD.NS,inr
SOLARINDS.NS,inr
EXIDEIND.NS,inr
LINDEINDIA.NS,inr
PHOENIXLTD.NS,inr
METROPOLIS.NS,inr
DCMSHRIRAM.NS,inr
MAHABANK.NS,inr
CENTRALBK.NS,inr
SKFINDIA.NS,inr
HINDCOPPER.NS,inr
APOLLOTYRE.NS,inr
DHANI.NS,inr
JBCHEPHARM.NS,inr
CDSL.NS,inr
GRINDWELL.NS,inr
GRAPHITE.NS,inr
WABCOINDIA.NS,inr
MOTILALOFS.NS,inr
CASTROLIND.NS,inr
UCOBANK.NS,inr
PRESTIGE.NS,inr
ZYDUSWELL.NS,inr
FSL.NS,inr
WELSPUNIND.NS,inr
GODREJAGRO.NS,inr
UTIAMC.NS,inr
BAJAJELEC.NS,inr
TANLA.NS,inr
BLUEDART.NS,inr
KPRMILL.NS,inr
IEX.NS,inr
SUVENPHAR.NS,inr
QUESS.NS,inr
CARBORUNIV.NS,inr
IBULHSGFIN.NS,inr
REDINGTON.NS,inr
CHAMBLFERT.NS,inr
BASF.NS,inr
IIFLWAM.NS,inr
CHOLAHLDNG.NS,inr
INDIGOPNTS.NS,inr
AMARAJABAT.NS,inr
SHRIRAMCIT.NS,inr
ALOKINDS.NS,inr
TTKPRESTIG.NS,inr
RADICO.NS,inr
ITI.NS,inr
ROUTE.NS,inr
TIMKEN.NS,inr
SFL.NS,inr
STLTECH.NS,inr
RBLBANK.NS,inr
MGL.NS,inr
BIRLACORPN.NS,inr
IIFL.NS,inr
PNBHOUSING.NS,inr
SHYAMMETL.NS,inr
BSOFT.NS,inr
CESC.NS,inr
CUB.NS,inr
GALAXYSURF.NS,inr
AEGISCHEM.NS,inr
VTL.NS,inr
KEC.NS,inr
JUBLPHARMA.NS,inr
CYIENT.NS,inr
ERIS.NS,inr
SJVN.NS,inr
AFFLE.NS,inr
VGUARD.NS,inr
BALAMINES.NS,inr
CGPOWER.NS,inr
TRIDENT.NS,inr
LUXIND.NS,inr
TATASTLBSL.NS,inr
AKZOINDIA.NS,inr
CREDITACC.NS,inr
MAHINDCIE.NS,inr
JMFINANCIL.NS,inr
AMBER.NS,inr
RATNAMANI.NS,inr
NH.NS,inr
INTELLECT.NS,inr
SUNTECK.NS,inr
KIMS.NS,inr
ANGELBRKG.NS,inr
HFCL.NS,inr
JUBLINGREA.NS,inr
GRANULES.NS,inr
ZENSARTECH.NS,inr
CENTURYPLY.NS,inr
ASAHIINDIA.NS,inr
CGCL.NS,inr
NBCC.NS,inr
IDFC.NS,inr
LAXMIMACH.NS,inr
FINEORG.NS,inr
FACT.NS,inr
HUDCO.NS,inr
ALKYLAMINE.NS,inr
CENTURYTEX.NS,inr
PGHL.NS,inr
RTNINDIA.NS,inr
RAIN.NS,inr
WESTLIFE.NS,inr
HEG.NS,inr
BBTC.NS,inr
AVANTIFEED.NS,inr
EDELWEISS.NS,inr
PVR.NS,inr
ASTRAZEN.NS,inr
NLCINDIA.NS,inr
POWERINDIA.NS,inr
MCX.NS,inr
ASTERDM.NS,inr
JKLAKSHMI.NS,inr
BLUESTARCO.NS,inr
SONATSOFTW.NS,inr
PNCINFRA.NS,inr
BALRAMCHIN.NS,inr
FINCABLES.NS,inr
JSL.NS,inr
MRPL.NS,inr
ECLERX.NS,inr
EPL.NS,inr
KPITTECH.NS,inr
EIDPARRY.NS,inr
BDL.NS,inr
DBL.NS,inr
VMART.NS,inr
KNRCON.NS,inr
MMTC.NS,inr
PRINCEPIPE.NS,inr
TTML.NS,inr
SUNCLAYLTD.NS,inr
RENUKA.NS,inr
KALYANKJIL.NS,inr
SEQUENT.NS,inr
TEAMLEASE.NS,inr
ANURAS.NS,inr
GARFIBRES.NS,inr
CANFINHOME.NS,inr
EQUITASBNK.NS,inr
SPARC.NS,inr
SIS.NS,inr
KALPATPOWR.NS,inr
ELGIEQUIP.NS,inr
JSLHISAR.NS,inr
PRSMJOHNSN.NS,inr
EIHOTEL.NS,inr
BURGERKING.NS,inr
THYROCARE.NS,inr
STAR.NS,inr
BRIGADE.NS,inr
IBREALEST.NS,inr
LXCHEM.NS,inr
ORIENTELEC.NS,inr
SUPPETRO.NS,inr
GMMPFAUDLR.NS,inr
PRAJIND.NS,inr
TV18BRDCST.NS,inr
CAPLIPOINT.NS,inr
RITES.NS,inr
HIKAL.NS,inr
SYMPHONY.NS,inr
MASTEK.NS,inr
KRBL.NS,inr
ROSSARI.NS,inr
KEI.NS,inr
RALLIS.NS,inr
FDC.NS,inr
JYOTHYLAB.NS,inr
JCHAC.NS,inr
HGS.NS,inr
AARTIDRUGS.NS,inr
PRIVISCL.NS,inr
RVNL.NS,inr
CSBBANK.NS,inr
SAREGAMA.NS,inr
HEIDELBERG.NS,inr
GNFC.NS,inr
JUSTDIAL.NS,inr
GPIL.NS,inr
INDIACEM.NS,inr
ISGEC.NS,inr
SOLARA.NS,inr
TCIEXP.NS,inr
CCL.NS,inr
WOCKPHARMA.NS,inr
TATAINVEST.NS,inr
CERA.NS,inr
IRB.NS,inr
JSWHL.NS,inr
VIPIND.NS,inr
BHARATRAS.NS,inr
SOBHA.NS,inr
BSE.NS,inr
NAZARA.NS,inr
CEATLTD.NS,inr
BEML.NS,inr
MAHLOG.NS,inr
GPPL.NS,inr
NCC.NS,inr
SUZLON.NS,inr
GODFRYPHLP.NS,inr
VSTIND.NS,inr
HOMEFIRST.NS,inr
MAZDOCK.NS,inr
ICIL.NS,inr
NETWORK18.NS,inr
SUDARSCHEM.NS,inr
SCI.NS,inr
TATASTLLP.NS,inr
DIXON.NS,inr
GESHIP.NS,inr
UJJIVANSFB.NS,inr
COCHINSHIP.NS,inr
DELTACORP.NS,inr
GSFC.NS,inr
ALLCARGO.NS,inr
MAHSCOOTER.NS,inr
HIL.NS,inr
ENGINERSIN.NS,inr
POLYPLEX.NS,inr
TASTYBITE.NS,inr
SUPRAJIT.NS,inr
MAGMA.NS,inr
RCF.NS,inr
HLEGLAS.NS,inr
HATHWAY.NS,inr
NIITLTD.NS,inr
STARCEMENT.NS,inr
SWSOLAR.NS,inr
VARROC.NS,inr
MOIL.NS,inr
TRIVENI.NS,inr
SPICEJET.NS,inr
EASEMYTRIP.NS,inr
RAILTEL.NS,inr
ADVENZYMES.NS,inr
GAEL.NS,inr
JINDALSAW.NS,inr
MASFIN.NS,inr
DEEPAKFERT.NS,inr
JKPAPER.NS,inr
DHANUKA.NS,inr
EQUITAS.NS,inr
JINDALPOLY.NS,inr
MTARTECH.NS,inr
NOCIL.NS,inr
VENKEYS.NS,inr
KSCL.NS,inr
RELIGARE.NS,inr
NESCO.NS,inr
GTLINFRA.NS,inr
NEWGEN.NS,inr
BAJAJCON.NS,inr
CRAFTSMAN.NS,inr
KIRLFER.NS,inr
INDOSTAR.NS,inr
TATAMETALI.NS,inr
INDOCO.NS,inr
SPANDANA.NS,inr
RUPA.NS,inr
MHRIL.NS,inr
HNDFDS.NS,inr
BORORENEW.NS,inr
HEMIPROP.NS,inr
KSB.NS,inr
IFBIND.NS,inr
TATACOFFEE.NS,inr
TRITURBINE.NS,inr
NILKAMAL.NS,inr
UFLEX.NS,inr
IOLCP.NS,inr
MAHLIFE.NS,inr
KARURVYSYA.NS,inr
DALMIASUG.NS,inr
IPL.NS,inr
VAKRANGEE.NS,inr
SHILPAMED.NS,inr
VALIANTORG.NS,inr
GREAVESCOT.NS,inr
GET&D.NS,inr
JKTYRE.NS,inr
DODLA.NS,inr
ICRA.NS,inr
WELCORP.NS,inr
CHALET.NS,inr
RESPONIND.NS,inr
TCNSBRANDS.NS,inr
KIRLOSENG.NS,inr
IIFLSEC.NS,inr
SWANENERGY.NS,inr
AGCNET.NS,inr
JAMNAAUTO.NS,inr
MIDHANI.NS,inr
GHCL.NS,inr
GDL.NS,inr
INOXLEISUR.NS,inr
GUJALKALI.NS,inr
HGINFRA.NS,inr
KIRLOSBROS.NS,inr
RPOWER.NS,inr
TECHNOE.NS,inr
MAITHANALL.NS,inr
SUBEXLTD.NS,inr
ITDC.NS,inr
MARKSANS.NS,inr
JPPOWER.NS,inr
SCHNEIDER.NS,inr
MINDACORP.NS,inr
FRETAIL.NS,inr
PDSMFL.NS,inr
HERANBA.NS,inr
DCAL.NS,inr
ORIENTCEM.NS,inr
GREENLAM.NS,inr
LEMONTREE.NS,inr
DCBBANK.NS,inr
GULFOILLUB.NS,inr
TCI.NS,inr
BARBEQUE.NS,inr
RTNPOWER.NS,inr
NFL.NS,inr
INOXWIND.NS,inr
HCG.NS,inr
SHARDACROP.NS,inr
BEPL.NS,inr
OAL.NS,inr
INGERRAND.NS,inr
LAOPALA.NS,inr
SAGCEM.NS,inr
ALEMBICLTD.NS,inr
GREENPANEL.NS,inr
ASHOKA.NS,inr
SOMANYCERA.NS,inr
POLYMED.NS,inr
PTC.NS,inr
MOREPENLAB.NS,inr
RAYMOND.NS,inr
GOODYEAR.NS,inr
INFIBEAM.NS,inr
ESABINDIA.NS,inr
SHOPERSTOP.NS,inr
ACE.NS,inr
RAMCOIND.NS,inr
JPASSOCIAT.NS,inr
UJJIVAN.NS,inr
JTEKTINDIA.NS,inr
SARDAEN.NS,inr
SURYAROSNI.NS,inr
PAISALO.NS,inr
KENNAMET.NS,inr
VRLLOG.NS,inr
IFCI.NS,inr
JAICORPLTD.NS,inr
J&KBANK.NS,inr
TINPLATE.NS,inr
ASTEC.NS,inr
VAIBHAVGBL.NS,inr
ARVIND.NS,inr
VESUVIUS.NS,inr
EVEREADY.NS,inr
RKFORGE.NS,inr
HIMATSEIDE.NS,inr
SHIL.NS,inr
AHLUCONT.NS,inr
MATRIMONY.NS,inr
DISHTV.NS,inr
PURVA.NS,inr
IMFA.NS,inr
NEULANDLAB.NS,inr
DEN.NS,inr
BECTORFOOD.NS,inr
STOVEKRAFT.NS,inr
SHRIPISTON.NS,inr
OLECTRA.NS,inr
APARINDS.NS,inr
INEOSSTYRO.NS,inr
RSYSTEMS.NS,inr
ATFL.NS,inr
BOROLTD.NS,inr
DAAWAT.NS,inr
RAJRATAN.NS,inr
CAMLINFINE.NS,inr
SHK.NS,inr
NOVARTIND.NS,inr
TEJASNET.NS,inr
DHAMPURSUG.NS,inr
GREENPLY.NS,inr
UNICHEMLAB.NS,inr
PHILIPCARB.NS,inr
BALMLAWRIE.NS,inr
JBMA.NS,inr
WABAG.NS,inr
THOMASCOOK.NS,inr
FAIRCHEMOR.NS,inr
NAVNETEDUL.NS,inr
HERITGFOOD.NS,inr
HUHTAMAKI.NS,inr
GRSE.NS,inr
BANARISUG.NS,inr
MAYURUNIQ.NS,inr
GEPIL.NS,inr
BCG.NS,inr
GMDCLTD.NS,inr
PILANIINVS.NS,inr
FILATEX.NS,inr
FINPIPE.NS,inr
SWARAJENG.NS,inr
AUTOAXLES.NS,inr
HSCL.NS,inr
SURYODAY.NS,inr
BOMDYEING.NS,inr
GTPL.NS,inr
COSMOFILMS.NS,inr
NEOGEN.NS,inr
CARERATING.NS,inr
BAJAJHIND.NS,inr
SUBROS.NS,inr
IGPL.NS,inr
REPCOHOME.NS,inr
SSWL.NS,inr
INDIAGLYCO.NS,inr
GLOBUSSPR.NS,inr
JMCPROJECT.NS,inr
MAHSEAMLES.NS,inr
SHALBY.NS,inr
GEOJITFSL.NS,inr
KCP.NS,inr
SOTL.NS,inr
ARVINDFASN.NS,inr
DOLAT.NS,inr
IRCON.NS,inr
CENTRUM.NS,inr
USHAMART.NS,inr
ACCELYA.NS,inr
WHEELS.NS,inr
NBVENTURES.NS,inr
MUKANDLTD.NS,inr
RELINFRA.NS,inr
HESTERBIO.NS,inr
GABRIEL.NS,inr
MSTCLTD.NS,inr
GATI.NS,inr
AMRUTANJAN.NS,inr
DOLLAR.NS,inr
TIRUMALCHM.NS,inr
FORCEMOT.NS,inr
NUCLEUS.NS,inr
SASKEN.NS,inr
PANACEABIO.NS,inr
KIRIINDUS.NS,inr
SOUTHBANK.NS,inr
QUICKHEAL.NS,inr
KSL.NS,inr
SIYSIL.NS,inr
JSWISPL.NS,inr
ANANTRAJ.NS,inr
RPSGVENT.NS,inr
JAGRAN.NS,inr
ORCHPHARMA.NS,inr
KTKBANK.NS,inr
TIMETECHNO.NS,inr
MMFL.NS,inr
BFUTILITIE.NS,inr
PFOCUS.NS,inr
CHEMCON.NS,inr
DFMFOODS.NS,inr
ORISSAMINE.NS,inr
KOLTEPATIL.NS,inr
ADFFOODS.NS,inr
GALLISPAT.NS,inr
SANDHAR.NS,inr
APCOTEXIND.NS,inr
HCC.NS,inr
ASHIANA.NS,inr
VSTTILLERS.NS,inr
TVTODAY.NS,inr
FMGOETZE.NS,inr
TIPSINDLTD.NS,inr
WSTCSTPAPR.NS,inr
CONFIPET.NS,inr
SHAREINDIA.NS,inr
DIAMONDYD.NS,inr
DATAMATICS.NS,inr
PUNJABCHEM.NS,inr
CHENNPETRO.NS,inr
VIDHIING.NS,inr
ACRYSIL.NS,inr
TIIL.NS,inr
JKIL.NS,inr
PSPPROJECT.NS,inr
HINDOILEXP.NS,inr
IGARASHI.NS,inr
ELECTCAST.NS,inr
DIGISPICE.NS,inr
TVSSRICHAK.NS,inr
SAFARI.NS,inr
SANGHIIND.NS,inr
SUNFLAG.NS,inr
JISLJALEQS.NS,inr
NURECA.NS,inr
RAMCOSYS.NS,inr
KIRLOSIND.NS,inr
GENUSPOWER.NS,inr
PANAMAPET.NS,inr
FCONSUMER.NS,inr
INSECTICID.NS,inr
DBCORP.NS,inr
LGBBROSLTD.NS,inr
HSIL.NS,inr
MANINFRA.NS,inr
NACLIND.NS,inr
JAYNECOIND.NS,inr
CIGNITITEC.NS,inr
VINDHYATEL.NS,inr
DPSCLTD.NS,inr
VOLTAMP.NS,inr
JISLDVREQS.NS,inr
OMAXE.NS,inr
WELENT.NS,inr
APOLLOPIPE.NS,inr
CAPACITE.NS,inr
BLS.NS,inr
ELECON.NS,inr
SEAMECLTD.NS,inr
ANDHRSUGAR.NS,inr
3IINFOTECH.NS,inr
MOLDTKPAC.NS,inr
JINDWORLD.NS,inr
SHANKARA.NS,inr
ASTRAMICRO.NS,inr
IFGLEXPOR.NS,inr
SMSPHARMA.NS,inr
ITDCEM.NS,inr
SHANTIGEAR.NS,inr
EXCELINDUS.NS,inr
GIPCL.NS,inr
BODALCHEM.NS,inr
BFINVEST.NS,inr
DWARKESH.NS,inr
PRAKASH.NS,inr
GUFICBIO.NS,inr
ONMOBILE.NS,inr
HBLPOWER.NS,inr
FLFL.NS,inr
GOCLCORP.NS,inr
NAHARSPING.NS,inr
LUMAXIND.NS,inr
CLNINDIA.NS,inr
SHAKTIPUMP.NS,inr
PSB.NS,inr
GNA.NS,inr
MANALIPETC.NS,inr
BUTTERFLY.NS,inr
NITINSPIN.NS,inr
WONDERLA.NS,inr
MAXVIL.NS,inr
INDORAMA.NS,inr
KESORAMIND.NS,inr
NRBBEARING.NS,inr
SHREDIGCEM.NS,inr
VISAKAIND.NS,inr
MTNL.NS,inr
MPSLTD.NS,inr
GOLDIAM.NS,inr
XCHANGING.NS,inr
PFS.NS,inr
KINGFA.NS,inr
SPIC.NS,inr
5PAISA.NS,inr
PNBGILTS.NS,inr
GRAVITA.NS,inr
ASHAPURMIN.NS,inr
OPTIEMUS.NS,inr
SESHAPAPER.NS,inr
FCL.NS,inr
POKARNA.NS,inr
APCL.NS,inr
HONDAPOWER.NS,inr
BANCOINDIA.NS,inr
MANGLMCEM.NS,inr
TARC.NS,inr
HMT.NS,inr
SUNDARMHLD.NS,inr
KARDA.NS,inr
TNPETRO.NS,inr
THANGAMAYL.NS,inr
RAMKY.NS,inr
POWERMECH.NS,inr
AVTNPL.NS,inr
RGL.NS,inr
SADBHAV.NS,inr
BHAGERIA.NS,inr
BESTAGRO.NS,inr
SUULD.NS,inr
APEX.NS,inr
PRICOLLTD.NS,inr
APTECHT.NS,inr
EXPLEOSOL.NS,inr
INFOBEAN.NS,inr
PARAGMILK.NS,inr
SUTLEJTEX.NS,inr
ESTER.NS,inr
NXTDIGITAL.NS,inr
NCLIND.NS,inr
LUMAXTECH.NS,inr
KKCL.NS,inr
PCJEWELLER.NS,inr
GANECOS.NS,inr
AARTISURF.NS,inr
KITEX.NS,inr
OCCL.NS,inr
INDIANHUME.NS,inr
TTKHLTCARE.NS,inr
BLISSGVS.NS,inr
ALICON.NS,inr
AJMERA.NS,inr
EMAMIPAP.NS,inr
DVL.NS,inr
SRIPIPES.NS,inr
TIDEWATER.NS,inr
DREDGECORP.NS,inr
VHL.NS,inr
DCW.NS,inr
DYNAMATECH.NS,inr
GMBREW.NS,inr
EKC.NS,inr
TNPL.NS,inr
RIIL.NS,inr
RANEHOLDIN.NS,inr
FIEMIND.NS,inr
CENTENKA.NS,inr
VSSL.NS,inr
ANUP.NS,inr
SUVEN.NS,inr
SMCGLOBAL.NS,inr
PRECAM.NS,inr
EIHAHOTELS.NS,inr
SATIA.NS,inr
KOPRAN.NS,inr
ANDHRAPAP.NS,inr
FOSECOIND.NS,inr
DECCANCE.NS,inr
NAGAFERT.NS,inr
IMPAL.NS,inr
NSIL.NS,inr
SASTASUNDR.NS,inr
SADBHIN.NS,inr
AVADHSUGAR.NS,inr
ENIL.NS,inr
JETAIRWAYS.NS,inr
AWHCL.NS,inr
SPENCERS.NS,inr
ADORWELD.NS,inr
ANDHRACEMT.NS,inr
TWL.NS,inr
RSWM.NS,inr
TAKE.NS,inr
YAARII.NS,inr
MANGCHEFER.NS,inr
INDNIPPON.NS,inr
GICHSGFIN.NS,inr
SIRCA.NS,inr
UNIENTER.NS,inr
SKIPPER.NS,inr
AMBIKCO.NS,inr
WENDT.NS,inr
KICL.NS,inr
VLSFINANCE.NS,inr
STERTOOLS.NS,inr
SANGHVIMOV.NS,inr
RCOM.NS,inr
JAYAGROGN.NS,inr
RADIOCITY.NS,inr
ASALCBR.NS,inr
UTTAMSUGAR.NS,inr
COFFEEDAY.NS,inr
GOKEX.NS,inr
THEMISMED.NS,inr
NELCO.NS,inr
SNOWMAN.NS,inr
SMLISUZU.NS,inr
RPGLIFE.NS,inr
GFLLIMITED.NS,inr
NELCAST.NS,inr
TAJGVK.NS,inr
GAYAPROJ.NS,inr
SPAL.NS,inr
KANORICHEM.NS,inr
VISHAL.NS,inr
RICOAUTO.NS,inr
TEXRAIL.NS,inr
TEXINFRA.NS,inr
KUANTUM.NS,inr
PGIL.NS,inr
NECLIFE.NS,inr
RBL.NS,inr
MONTECARLO.NS,inr
MIRZAINT.NS,inr
LIKHITHA.NS,inr
SUMMITSEC.NS,inr
BBL.NS,inr
HITECH.NS,inr
MANINDS.NS,inr
GULPOLY.NS,inr
INDRAMEDCO.NS,inr
VISHNU.NS,inr
EVERESTIND.NS,inr
ARSHIYA.NS,inr
KOKUYOCMLN.NS,inr
JAIBALAJI.NS,inr
ZENTEC.NS,inr
VADILALIND.NS,inr
NAVKARCORP.NS,inr
MUTHOOTCAP.NS,inr
CEREBRAINT.NS,inr
UNIDT.NS,inr
BINDALAGRO.NS,inr
PGEL.NS,inr
STCINDIA.NS,inr
ROSSELLIND.NS,inr
HTMEDIA.NS,inr
HEXATRADEX.NS,inr
VIMTALABS.NS,inr
BALAJITELE.NS,inr
PLASTIBLEN.NS,inr
PATELENG.NS,inr
PARSVNATH.NS,inr
LINCOLN.NS,inr
NATHBIOGEN.NS,inr
SAKSOFT.NS,inr
SANDESH.NS,inr
EBIXFOREX.NS,inr
CENTUM.NS,inr
GALLANTT.NS,inr
KABRAEXTRU.NS,inr
ORIENTHOT.NS,inr
INDSWFTLAB.NS,inr
ORIENTPPR.NS,inr
MUNJALAU.NS,inr
FELDVR.NS,inr
GOODLUCK.NS,inr
ALLSEC.NS,inr
CANTABIL.NS,inr
HITECHGEAR.NS,inr
MUNJALSHOW.NS,inr
DYNPRO.NS,inr
KAYA.NS,inr
THEINVEST.NS,inr
HLVLTD.NS,inr
CONTROLPR.NS,inr
HMVL.NS,inr
UNIVCABLES.NS,inr
JASH.NS,inr
GANDHITUBE.NS,inr
PITTIENG.NS,inr
SATIN.NS,inr
DBREALTY.NS,inr
BCLIND.NS,inr
ZOTA.NS,inr
ARMANFIN.NS,inr
TDPOWERSYS.NS,inr
TFCILTD.NS,inr
JUBLINDS.NS,inr
SHALPAINTS.NS,inr
BALAXI.NS,inr
SRHHYPOLTD.NS,inr
STEELXIND.NS,inr
PENIND.NS,inr
ZUARI.NS,inr
VENUSREM.NS,inr
RUSHIL.NS,inr
BLKASHYAP.NS,inr
DLINKINDIA.NS,inr
TBZ.NS,inr
SREINFRA.NS,inr
IFBAGRO.NS,inr
SANGAMIND.NS,inr
ZEEMEDIA.NS,inr
XELPMOC.NS,inr
NBIFIN.NS,inr
RML.NS,inr
VISHWARAJ.NS,inr
NAHARPOLY.NS,inr
ASIANTILES.NS,inr
GOKULAGRO.NS,inr
NRAIL.NS,inr
NAHARINDUS.NS,inr
HPL.NS,inr
VARDHACRLC.NS,inr
KELLTONTEC.NS,inr
GANESHHOUC.NS,inr
SHREEPUSHK.NS,inr
CYBERTECH.NS,inr
KHADIM.NS,inr
NAHARCAP.NS,inr
PRECWIRE.NS,inr
MADRASFERT.NS,inr
PROZONINTU.NS,inr
ORICONENT.NS,inr
WATERBASE.NS,inr
HCL-INSYS.NS,inr
TCPLPACK.NS,inr
FEL.NS,inr
ORIENTBELL.NS,inr
HERCULES.NS,inr
ZEELEARN.NS,inr
ASAHISONG.NS,inr
AURIONPRO.NS,inr
TI.NS,inr
UNITECH.NS,inr
SHREYAS.NS,inr
HINDCOMPOS.NS,inr
SHRIRAMEPC.NS,inr
SCHAND.NS,inr
KAMDHENU.NS,inr
TRIGYN.NS,inr
RUBYMILLS.NS,inr
SBCL.NS,inr
ATULAUTO.NS,inr
SUVIDHAA.NS,inr
GENESYS.NS,inr
JAYBARMARU.NS,inr
RANASUG.NS,inr
JAGSNPHARM.NS,inr
NDTV.NS,inr
MAGADSUGAR.NS,inr
BGRENERGY.NS,inr
MIRCELECTR.NS,inr
ARVSMART.NS,inr
ZUARIGLOB.NS,inr
RELCAPITAL.NS,inr
MENONBE.NS,inr
MSPL.NS,inr
MANAKSIA.NS,inr
GSCLCEMENT.NS,inr
SALASAR.NS,inr
DICIND.NS,inr
TRIL.NS,inr
VIPULLTD.NS,inr
DHANBANK.NS,inr
NIPPOBATRY.NS,inr
REPRO.NS,inr
PPAP.NS,inr
VIKASLIFE.NS,inr
PDMJEPAPER.NS,inr
PODDARMENT.NS,inr
KDDL.NS,inr
DPABHUSHAN.NS,inr
V2RETAIL.NS,inr
MEP.NS,inr
HARRMALAYA.NS,inr
PPL.NS,inr
HITECHCORP.NS,inr
PENINLAND.NS,inr
REPL.NS,inr
HINDNATGLS.NS,inr
BIRLATYRE.NS,inr
ORIENTABRA.NS,inr
SORILINFRA.NS,inr
CONSOFINVT.NS,inr
ONWARDTEC.NS,inr
BIRLAMONEY.NS,inr
GVKPIL.NS,inr
GKWLIMITED.NS,inr
ARIHANTSUP.NS,inr
MMP.NS,inr
AYMSYNTEX.NS,inr
KANPRPLA.NS,inr
SREEL.NS,inr
ISMTLTD.NS,inr
TALBROAUTO.NS,inr
DHUNINV.NS,inr
MAHEPC.NS,inr
MAXIND.NS,inr
MAWANASUG.NS,inr
DCMNVL.NS,inr
JINDRILL.NS,inr
VASCONEQ.NS,inr
XPROINDIA.NS,inr
GOACARBON.NS,inr
SWELECTES.NS,inr
BANSWRAS.NS,inr
ASHIMASYN.NS,inr
UGARSUGAR.NS,inr
FCSSOFT.NS,inr
SHARDAMOTR.NS,inr
JAYSREETEA.NS,inr
ARIHANTCAP.NS,inr
BAFNAPH.NS,inr
TVSELECT.NS,inr
DTIL.NS,inr
RAMANEWS.NS,inr
AKSHARCHEM.NS,inr
AGARIND.NS,inr
BHARATWIRE.NS,inr
NDL.NS,inr
UCALFUEL.NS,inr
VISESHINFO.NS,inr
MCLEODRUSS.NS,inr
KRISHANA.NS,inr
FSC.NS,inr
ADSL.NS,inr
SPTL.NS,inr
SHYAMCENT.NS,inr
SPECIALITY.NS,inr
GEECEE.NS,inr
AXISCADES.NS,inr
MARATHON.NS,inr
BSHSL.NS,inr
SILINV.NS,inr
PTL.NS,inr
GTL.NS,inr
SHEMAROO.NS,inr
CREST.NS,inr
PRECOT.NS,inr
SARLAPOLY.NS,inr
KILITCH.NS,inr
URJA.NS,inr
AHLWEST.NS,inr
ADVANIHOTR.NS,inr
CEBBCO.NS,inr
BASML.NS,inr
KOTHARIPRO.NS,inr
PARACABLES.NS,inr
SDBL.NS,inr
CUPID.NS,inr
AKASH.NS,inr
LINCPEN.NS,inr
DONEAR.NS,inr
DEEPINDS.NS,inr
MBAPL.NS,inr
BIRLACABLE.NS,inr
UNIVPHOTO.NS,inr
SHIVATEX.NS,inr
KOTARISUG.NS,inr
OMINFRAL.NS,inr
CAREERP.NS,inr
CHEMBOND.NS,inr
AIRAN.NS,inr
GULFPETRO.NS,inr
ZODIACLOTH.NS,inr
ALBERTDAVD.NS,inr
MAHESHWARI.NS,inr
RAMASTEEL.NS,inr
LIBERTSHOE.NS,inr
JPINFRATEC.NS,inr
LSIL.NS,inr
LASA.NS,inr
IRISDOREME.NS,inr
MARALOVER.NS,inr
GOKUL.NS,inr
MODISNME.NS,inr
GENUSPAPER.NS,inr
UFO.NS,inr
MINDTECK.NS,inr
REFEX.NS,inr
KCPSUGIND.NS,inr
MANGALAM.NS,inr
BRNL.NS,inr
EMKAY.NS,inr
GUJAPOLLO.NS,inr
VINYLINDIA.NS,inr
ASTRON.NS,inr
KMSUGAR.NS,inr
DPWIRES.NS,inr
SAKUMA.NS,inr
BIL.NS,inr
SALZERELEC.NS,inr
AHLADA.NS,inr
GPTINFRA.NS,inr
HUBTOWN.NS,inr
IVC.NS,inr
INSPIRISYS.NS,inr
JBFIND.NS,inr
SETCO.NS,inr
BRFL.NS,inr
GINNIFILA.NS,inr
KOTHARIPET.NS,inr
SECURKLOUD.NS,inr
PRIMESECU.NS,inr
SAKAR.NS,inr
ALANKIT.NS,inr
ABAN.NS,inr
EIMCOELECO.NS,inr
VETO.NS,inr
SHIVAMAUTO.NS,inr
AAKASH.NS,inr
MAANALU.NS,inr
HIRECT.NS,inr
WALCHANNAG.NS,inr
NILAINFRA.NS,inr
DUCON.NS,inr
STARPAPER.NS,inr
MAJESCO.NS,inr
KREBSBIO.NS,inr
SINTEX.NS,inr
MOLDTECH.NS,inr
PONNIERODE.NS,inr
CREATIVE.NS,inr
HDIL.NS,inr
SIMPLEXINF.NS,inr
CHEMFAB.NS,inr
GREENPOWER.NS,inr
PREMEXPLN.NS,inr
WINDMACHIN.NS,inr
INTENTECH.NS,inr
MBLINFRA.NS,inr
JOCIL.NS,inr
INDOTECH.NS,inr
APOLLO.NS,inr
RANEENGINE.NS,inr
MBECL.NS,inr
MAZDA.NS,inr
EROSMEDIA.NS,inr
SINTERCOM.NS,inr
20MICRONS.NS,inr
AHLEAST.NS,inr
LYKALABS.NS,inr
CLEDUCATE.NS,inr
RUCHIRA.NS,inr
SAKHTISUG.NS,inr
RKEC.NS,inr
SKMEGGPROD.NS,inr
MANAKSTEEL.NS,inr
RNAVAL.NS,inr
ARIES.NS,inr
NDRAUTO.NS,inr
EMAMIREAL.NS,inr
ORBTEXP.NS,inr
OSWALAGRO.NS,inr
BROOKS.NS,inr
RAJTV.NS,inr
SELAN.NS,inr
ESSARSHPNG.NS,inr
RAJMET.NS,inr
ROHLTD.NS,inr
KAKATCEM.NS,inr
RHFL.NS,inr
SMSLIFE.NS,inr
AUTOIND.NS,inr
WEALTH.NS,inr
ARROWGREEN.NS,inr
ELGIRUBCO.NS,inr
UNITEDTEA.NS,inr
WANBURY.NS,inr
JMA.NS,inr
REVATHI.NS,inr
GENCON.NS,inr
PREMIERPOL.NS,inr
WEBELSOLAR.NS,inr
LGBFORGE.NS,inr
GLOBE.NS,inr
DENORA.NS,inr
PIONEEREMB.NS,inr
EMMBI.NS,inr
STEL.NS,inr
PILITA.NS,inr
ALPHAGEO.NS,inr
RPPINFRA.NS,inr
COMPINFO.NS,inr
VIPCLOTHNG.NS,inr
VIVIMEDLAB.NS,inr
BPL.NS,inr
UMANGDAIRY.NS,inr
BALLARPUR.NS,inr
DANGEE.NS,inr
APOLSINHOT.NS,inr
SHREYANIND.NS,inr
ELECTHERM.NS,inr
SEYAIND.NS,inr
ANMOL.NS,inr
TIL.NS,inr
PRAENG.NS,inr
NIRAJ.NS,inr
LOVABLE.NS,inr
IZMO.NS,inr
GAMMNINFRA.NS,inr
NITCO.NS,inr
SUNDRMBRAK.NS,inr
SUPERHOUSE.NS,inr
SOUTHWEST.NS,inr
MODIRUBBER.NS,inr
INDTERRAIN.NS,inr
PROINDIA.NS,inr
HINDMOTORS.NS,inr
CAPTRUST.NS,inr
AKSHOPTFBR.NS,inr
CTE.NS,inr
ASPINWALL.NS,inr
CINELINE.NS,inr
ASIANHOTNR.NS,inr
IL&FSTRANS.NS,inr
WORTH.NS,inr
PIONDIST.NS,inr
VERTOZ.NS,inr
ALMONDZ.NS,inr
ISFT.NS,inr
INCREDIBLE.NS,inr
RUCHINFRA.NS,inr
MAHASTEEL.NS,inr
MAHAPEXLTD.NS,inr
SMARTLINK.NS,inr
SIGIND.NS,inr
IITL.NS,inr
MACPOWER.NS,inr
BIGBLOC.NS,inr
GROBTEA.NS,inr
JHS.NS,inr
TEXMOPIPES.NS,inr
MURUDCERA.NS,inr
BHAGYANGR.NS,inr
DEEPENR.NS,inr
SPLIL.NS,inr
SIMBHALS.NS,inr
ABMINTLTD.NS,inr
SITINET.NS,inr
VISASTEEL.NS,inr
AMJLAND.NS,inr
GOLDENTOBC.NS,inr
JMTAUTOLTD.NS,inr
NDGL.NS,inr
INDBANK.NS,inr
ANSALAPI.NS,inr
TTL.NS,inr
REMSONSIND.NS,inr
WELINV.NS,inr
ACCURACY.NS,inr
DSSL.NS,inr
CCHHL.NS,inr
BALPHARMA.NS,inr
ICEMAKE.NS,inr
MGEL.NS,inr
TRF.NS,inr
BEDMUTHA.NS,inr
PRAXIS.NS,inr
OMAXAUTO.NS,inr
VIKASPROP.NS,inr
TCIDEVELOP.NS,inr
INDIANCARD.NS,inr
IVP.NS,inr
AUSOMENT.NS,inr
ROLTA.NS,inr
MARINE.NS,inr
KECL.NS,inr
SALSTEEL.NS,inr
GSS.NS,inr
PODDARHOUS.NS,inr
JYOTISTRUC.NS,inr
GILLANDERS.NS,inr
RVHL.NS,inr
OPTOCIRCUI.NS,inr
AARON.NS,inr
SALONA.NS,inr
GRPLTD.NS,inr
GANGAFORGE.NS,inr
BYKE.NS,inr
ARVEE.NS,inr
SURYALAXMI.NS,inr
NOIDATOLL.NS,inr
ROML.NS,inr
SAGARDEEP.NS,inr
AROGRANITE.NS,inr
PVP.NS,inr
ONEPOINT.NS,inr
BHARATGEAR.NS,inr
SIL.NS,inr
KAMATHOTEL.NS,inr
VIKASWSP.NS,inr
DAMODARIND.NS,inr
TARMAT.NS,inr
TOUCHWOOD.NS,inr
KANANIIND.NS,inr
BIOFILCHEM.NS,inr
ATLANTA.NS,inr
MCL.NS,inr
STEELCITY.NS,inr
PALREDTEC.NS,inr
INDOSOLAR.NS,inr
COMPUSOFT.NS,inr
MANAKALUCO.NS,inr
SUNDARAM.NS,inr
DRCSYSTEMS.NS,inr
SHRENIK.NS,inr
GEEKAYWIRE.NS,inr
DCM.NS,inr
TEMBO.NS,inr
AARVI.NS,inr
TOKYOPLAST.NS,inr
PKTEA.NS,inr
ALPA.NS,inr
VINEETLAB.NS,inr
TAINWALCHM.NS,inr
SHREERAMA.NS,inr
BHAGYAPROP.NS,inr
JUMPNET.NS,inr
NILASPACES.NS,inr
ASAL.NS,inr
KERNEX.NS,inr
HOVS.NS,inr
WEIZMANIND.NS,inr
LOTUSEYE.NS,inr
NECCLTD.NS,inr
SUMEETINDS.NS,inr
GANGESSECU.NS,inr
SKIL.NS,inr
RSSOFTWARE.NS,inr
MUKTAARTS.NS,inr
A2ZINFRA.NS,inr
PALASHSECU.NS,inr
GLOBALVECT.NS,inr
MANAKCOAT.NS,inr
KAPSTON.NS,inr
SHIVAMILLS.NS,inr
ALKALI.NS,inr
SURANAT&P.NS,inr
PANACHE.NS,inr
MERCATOR.NS,inr
CINEVISTA.NS,inr
SUPREMEENG.NS,inr
DGCONTENT.NS,inr
LIBAS.NS,inr
CMICABLES.NS,inr
TOTAL.NS,inr
MOTOGENFIN.NS,inr
RAJSREESUG.NS,inr
SICAL.NS,inr
LPDC.NS,inr
CORDSCABLE.NS,inr
ORIENTLTD.NS,inr
TERASOFT.NS,inr
TREJHARA.NS,inr
HISARMETAL.NS,inr
TNTELE.NS,inr
PRESSMN.NS,inr
CENTEXT.NS,inr
ROLLT.NS,inr
KALYANIFRG.NS,inr
IMAGICAA.NS,inr
SRPL.NS,inr
PUNJLLOYD.NS,inr
LOKESHMACH.NS,inr
TIRUPATIFL.NS,inr
ARCHIES.NS,inr
BSL.NS,inr
FMNL.NS,inr
JINDALPHOT.NS,inr
ARCHIDPLY.NS,inr
MCDHOLDING.NS,inr
DHARSUGAR.NS,inr
BAGFILMS.NS,inr
ARSSINFRA.NS,inr
NITINFIRE.NS,inr
UTTAMSTL.NS,inr
MTEDUCARE.NS,inr
SUPERSPIN.NS,inr
IL&FSENGG.NS,inr
BLBLIMITED.NS,inr
JITFINFRA.NS,inr
MORARJEE.NS,inr
SOMICONVEY.NS,inr
VARDMNPOLY.NS,inr
INDOTHAI.NS,inr
BANKA.NS,inr
MEGASOFT.NS,inr
CELEBRITY.NS,inr
MALUPAPER.NS,inr
SAMBHAAV.NS,inr
AARVEEDEN.NS,inr
SURANASOL.NS,inr
ANIKINDS.NS,inr
VIKASECO.NS,inr
INDOWIND.NS,inr
AMDIND.NS,inr
UJAAS.NS,inr
MADHAV.NS,inr
CORALFINAC.NS,inr
PNC.NS,inr
BANARBEADS.NS,inr
HINDCON.NS,inr
DELTAMAGNT.NS,inr
SHRADHA.NS,inr
ENERGYDEV.NS,inr
BANG.NS,inr
WIPL.NS,inr
SANGINITA.NS,inr
SUMIT.NS,inr
UNIVASTU.NS,inr
SANWARIA.NS,inr
BVCL.NS,inr
NITIRAJ.NS,inr
AJOONI.NS,inr
FLEXITUFF.NS,inr
NAGREEKEXP.NS,inr
SUPREMEINF.NS,inr
ANSALHSG.NS,inr
TIMESGTY.NS,inr
BHANDARI.NS,inr
MADHUCON.NS,inr
KRIDHANINF.NS,inr
MRO-TEK.NS,inr
ICDSLTD.NS,inr
DBSTOCKBRO.NS,inr
BEARDSELL.NS,inr
EDUCOMP.NS,inr
TREEHOUSE.NS,inr
GLOBAL.NS,inr
NIBL.NS,inr
GODHA.NS,inr
ZENITHEXPO.NS,inr
GAL.NS,inr
SPMLINFRA.NS,inr
ROHITFERRO.NS,inr
TMRVL.NS,inr
MANUGRAPH.NS,inr
VAISHALI.NS,inr
KEYFINSERV.NS,inr
NEXTMEDIA.NS,inr
GOENKA.NS,inr
VASWANI.NS,inr
JPOLYINVST.NS,inr
OILCOUNTUB.NS,inr
CUBEXTUB.NS,inr
PATINTLOG.NS,inr
SGL.NS,inr
INDSWFTLTD.NS,inr
MAGNUM.NS,inr
PATSPINLTD.NS,inr
SEPOWER.NS,inr
SHAHALLOYS.NS,inr
CCCL.NS,inr
EXCEL.NS,inr
RKDL.NS,inr
OMKARCHEM.NS,inr
KARMAENG.NS,inr
BALKRISHNA.NS,inr
SILGO.NS,inr
AGROPHOS.NS,inr
MOKSH.NS,inr
SCAPDVR.NS,inr
AMBICAAGAR.NS,inr
ANKITMETAL.NS,inr
MANGTIMBER.NS,inr
ORIENTALTL.NS,inr
DNAMEDIA.NS,inr
INVENTURE.NS,inr
METALFORGE.NS,inr
PEARLPOLY.NS,inr
EASTSILK.NS,inr
COX&KINGS.NS,inr
MUKANDENGG.NS,inr
AGRITECH.NS,inr
INFOMEDIA.NS,inr
STAMPEDE.NS,inr
HAVISHA.NS,inr
AKG.NS,inr
ORTINLAB.NS,inr
PRAKASHSTL.NS,inr
COUNCODOS.NS,inr
OISL.NS,inr
GOLDTECH.NS,inr
LFIC.NS,inr
WILLAMAGOR.NS,inr
SOMATEX.NS,inr
TGBHOTELS.NS,inr
RMCL.NS,inr
BCP.NS,inr
TIJARIA.NS,inr
BURNPUR.NS,inr
ARIHANT.NS,inr
GAYAHWS.NS,inr
SILLYMONKS.NS,inr
CALSOFT.NS,inr
VIVIDHA.NS,inr
SPYL.NS,inr
KHANDSE.NS,inr
LCCINFOTEC.NS,inr
PBAINFRA.NS,inr
KEERTI.NS,inr
HBSL.NS,inr
ADL.NS,inr
MOHITIND.NS,inr
ATLASCYCLE.NS,inr
ARCOTECH.NS,inr
AUTOLITIND.NS,inr
NATNLSTEEL.NS,inr
INTEGRA.NS,inr
SHIRPUR-G.NS,inr
SETUINFRA.NS,inr
JIYAECO.NS,inr
ZODJRDMKJ.NS,inr
ONELIFECAP.NS,inr
JINDCOT.NS,inr
HILTON.NS,inr
CYBERMEDIA.NS,inr
NKIND.NS,inr
DIAPOWER.NS,inr
ZENITHSTL.NS,inr
SATHAISPAT.NS,inr
ADROITINFO.NS,inr
TANTIACONS.NS,inr
SPENTEX.NS,inr
LYPSAGEMS.NS,inr
TFL.NS,inr
VIJIFIN.NS,inr
S&SPOWER.NS,inr
BILENERGY.NS,inr
MITTAL.NS,inr
VICEROY.NS,inr
EMCO.NS,inr
NTL.NS,inr
IMPEXFERRO.NS,inr
EUROTEXIND.NS,inr
PDPL.NS,inr
MOHOTAIND.NS,inr
GTNTEX.NS,inr
GFSTEELS.NS,inr
PREMIER.NS,inr
INDLMETER.NS,inr
KAUSHALYA.NS,inr
DALALSTCOM.NS,inr
ANTGRAPHIC.NS,inr
ALPSINDUS.NS,inr
WSI.NS,inr
BARTRONICS.NS,inr
NAGREEKCAP.NS,inr
KHAITANLTD.NS,inr
UMESLTD.NS,inr
LAMBODHARA.NS,inr
TARAPUR.NS,inr
MASKINVEST.NS,inr
EASUNREYRL.NS,inr
SPCENET.NS,inr
SANCO.NS,inr
CANDC.NS,inr
BKMINDST.NS,inr
PAEL.NS,inr
RAJRAYON.NS,inr
CHROMATIC.NS,inr
TVVISION.NS,inr
TCIFINANCE.NS,inr
DQE.NS,inr
NORBTEAEXP.NS,inr
TECHIN.NS,inr
CREATIVEYE.NS,inr
SABTN.NS,inr
JAINSTUDIO.NS,inr
GLFL.NS,inr
TECHNOFAB.NS,inr
ZICOM.NS,inr
HOTELRUGBY.NS,inr
BLUECOAST.NS,inr
ARENTERP.NS,inr
DCMFINSERV.NS,inr
JIKIND.NS,inr
KAVVERITEL.NS,inr
THOMASCOTT.NS,inr
RADAAN.NS,inr
PRADIP.NS,inr
ALCHEM.NS,inr
LAKPRE.NS,inr
MELSTAR.NS,inr
GANGOTRI.NS,inr
SABEVENTS.NS,inr
QUINTEGRA.NS,inr
EUROMULTI.NS,inr
BLUECHIP.NS,inr
ORTEL.NS,inr
RAJVIR.NS,inr
BGLOBAL.NS,inr
TIDEWATER-BL.NS,inr
PULZ-SM.NS,inr
OSIAHYPER-SM.NS,inr
SRTRANSFIN-ZF.NS,inr
AVG-SM.NS,inr
FICRF2GP-MF.NS,inr
MC1RG-MF.NS,inr
ABSLRIF6RD-MF.NS,inr
KHFM-SM.NS,inr
HCLTECH-BL.NS,inr
KRITIKA-SM.NS,inr
SKSTEXTILE-SM.NS,inr
VF9RD-MF.NS,
RMDRIP-SM.NS,
SRTRANSFIN-ZJ.NS,
VSCL-SM.NS,
ABINFRA-SM.NS,
SETF10GILT.NS,
PARTYCRUS-SM.NS,
DSML-SM.NS,
IDBIGOLD.NS,
SERVOTECH-SM.NS,
NETFLTGILT.NS,
HEOFRG1126-MF.NS,
INNOVANA-SM.NS,
KSHITIJPOL-SM.NS,
ICICIBANKN.NS,
DHANIPP-E1.NS,
AXISNIFTY.NS,
UTINIFTETF.NS,
HDFCNIFETF.NS,
SBIETFQLTY.NS,
ICICINF100.NS,
MOM50.NS,
VCL-SM.NS,
LIQUIDETF.NS,
ICICILOVOL.NS,
MOM100.NS,
NETFIT.NS,
CLEAN.NS,
ABSLRIF7RG-MF.NS,
ICICILIQ.NS,
PASHUPATI-SM.NS,
NETFNIF100.NS,
NETFDIVOPP.NS,
KOTAKNV20.NS,
ICICINXT50.NS,
JUNIORBEES.NS,
AXISBPSETF.NS,
AXISHCETF.NS,
SETFNIF50.NS,
SIKKO-SM.NS,
KHAICHEM.NS,
ICICIB22.NS,
MINDSPACE-RR.NS,
ARTEMISMED.NS,
KPIGLOBAL.NS,
21STCENMGM.NS,
WALPAR-ST.NS,
WALPAR-SM.NS,
AILIMITED-SM.NS,
AVROIND-SM.NS,
APOLLOHOSP-BL.NS,
GRASIM-BL.NS,
SRTRANSFIN-ZH.NS,
ABMINTLTD-BL.NS,
PAVNAIND-SM.NS,
EMKAYTOOLS-SM.NS,
BCONCEPTS-SM.NS,
PETRONET-BL.NS,
ABSLNN50ET.NS,
EC4RG-MF.NS,
EBANK.NS,
ACEINTEG-SM.NS,
LATTEYS-SM.NS,
WEWIN-SM.NS,
SRIRAM-SM.NS,
JETKNIT-SM.NS,
SSINFRA-SM.NS,
SRTRANSFIN-Z5.NS,
FILDF2GPD-MF.NS,
SONAHISONA-SM.NS,
VMARCIND-SM.NS,
GOLDBEES.NS,
ICICIGOLD.NS,
BETA-SM.NS,
BSLNIFTY.NS,
LICNFNHGP.NS,
EBBETF0423.NS,
KOTAKPSUBK.NS,
ICICIM150.NS,
AXISBNKETF.NS,
EBBETF0430.NS,
IVZINGOLD.NS,
DEVIT-SM.NS,
MOGSEC.NS,
3PLAND.NS,
URJAPP-E1.NS,
EMBASSY-RR.NS,
SETFNN50.NS,
MEGA-RE.NS,
UTISENSETF.NS,
LICNETFN50.NS,
RHIM.NS,
MARSHALL-SM.NS,
BANKBEES.NS,
CLSEL.NS,
BBTCL-SM.NS,
GOLDSHARE.NS,
ZEEL-BL.NS,
TIRUPATI-SM.NS,
ARTNIRMAN-SM.NS,
M17RD-MF.NS,
FIIOF2GP-MF.NS,
JALAN-SM.NS,
CMMIPL-SM.NS,
SUBCAPCITY.NS,
BTML-SM.NS,
UCL-SM.NS,
EC5RG-MF.NS,
M17RG-MF.NS,
DLF-BL.NS,
MANAV-SM.NS,
ABSLFTQVDG-MF.NS,
SOLEX-SM.NS,
PIGL-SM.NS,
ASLIND-SM.NS,
THEJO-SM.NS,
FOCUS-SM.NS,
LICNETFSEN.NS,
IRBINVIT-IV.NS,
SETFNIFBK.NS,
NETFPHARMA.NS,
MAN50ETF.NS,
CADSYS-SM.NS,
BOHRA-SM.NS,
LEXUS-SM.NS,
63MOONS.NS,
ICICINIFTY.NS,
KOTAKNIFTY.NS,
PGINVIT-IV.NS,
SBIETFIT.NS,
BRIGHT-SM.NS,
HDFCSENETF.NS,
ICICI500.NS,
SBIETFCON.NS,
VASA-SM.NS,
AURDIS-SM.NS,
SRTRANSFIN-ZC.NS,
AXISBANK-BL.NS,
BHARTIARTL-BL.NS,
SRTRANSFIN-Z8.NS,
RELIANCE-BL.NS,
POWERGRID-BL.NS,
PROLIFE-SM.NS,
AMBANIORG-SM.NS,
SMVD-SM.NS,
SRTRANSFIN-Z6.NS,
SRTRANSFIN-Z4.NS,
QNIFTY.NS,
SRTRANSFIN-ZI.NS,
MPTODAY-SM.NS,
WFL-SM.NS,
SOFTTECH-SM.NS,
IDFNIFTYET.NS,
IF3GPD-MF.NS,
SIGMA-SM.NS,
NETFSDL26.NS,
KKVAPOW-SM.NS,
PERFECT-SM.NS,
NETFGILT5Y.NS,
MILTON-SM.NS,
SRTRANSFIN-Z2.NS,
EBBETF0425.NS,
NCPSESDL24.NS,
ZODIAC-SM.NS,
MHHL-SM.NS,
SRTRANSFIN-ZG.NS,
E2E-SM.NS,
EIFFL-SM.NS,
CONTI-SM.NS,
SARVESHWAR-SM.NS,
AISL-SM.NS,
KSOLVES-SM.NS,
MITCON-SM.NS,
ICICITECH.NS,
AXISGOLD.NS,
MAFANG.NS,
RELIABLE-SM.NS,
SGIL.NS,
IBMFNIFTY.NS,
SILVERTUC-SM.NS,
JETFREIGHT-SM.NS,
IWEL.NS,
INDIGRID-IV.NS,
MON100.NS,
KOTAKBKETF.NS,
RPPL-SM.NS,
SHUBHLAXMI-SM.NS,
ABSLRIF6RG-MF.NS,
SONAMCLOCK-SM.NS,
OSWALSEEDS-SM.NS,
MAHICKRA-SM.NS,
ICICISENSX.NS,
NETFMID150.NS,
PSUBNKBEES.NS,
LIQUIDBEES.NS,
BSLGOLDETF.NS,
MANXT50.NS,
MAESGETF.NS,
ICICIMCAP.NS,
UTISXN50.NS,
NETFCONSUM.NS,
NETF.NS,
EC2RG-MF.NS,
SRTRANSFIN-Z3.NS,
AIROLAM-SM.NS,
HDFC-BL.NS,
INNOVATIVE-SM.NS,
OMFURN-SM.NS,
ACCORD-SM.NS,
NIFTYEES.NS,
SRTRANSFIN-Z1.NS,
SRTRANSFIN-ZD.NS,
PRITI-SM.NS,
MC2RG-MF.NS,
TRANSWIND-SM.NS,
SPECTRUM-SM.NS,
IVZINNIFTY.NS,
M15RG-MF.NS,
MUKANDLTD-P1.NS,
ULTRACEMCO-BL.NS,
TPLPLASTEH.NS,
TATVA.NS,
FILDF2GP-MF.NS,
SUNPHARMA-BL.NS,
QGOLDHALF.NS,
UTINEXT50.NS,
INFRABEES.NS,
SVPGLOB.NS,
SHARIABEES.NS,
ICICIPHARM.NS,
NETFNV20.NS,
ZEEL-P2.NS,
UTIBANKETF.NS,
EBBETF0431.NS,
NIFTYBEES.NS,
HNGSNGBEES.NS,
PARIN-SM.NS,
PENTAGOLD-SM.NS,
SURANI-SM.NS,
SVLL-SM.NS,
UNIINFO-SM.NS,
LICNETFGSC.NS,
HBANKETF.NS,
SRTRANSFIN-Z7.NS,
ICICINV20.NS,
MOLDTEKPP-E1.NS,
ICICIALPLV.NS,
ABSLBANETF.NS,
TARACHAND-SM.NS,
NANDANI-SM.NS,
ATALREAL-SM.NS,
KOTAKIT.NS,
LAXMICOT-SM.NS,
PAR-SM.NS,
BIRET-RR.NS,
HDFCMFGETF.NS,
KOTAKGOLD.NS,
GUJRAFFIA.NS,
RELIANCEP1-E1.NS,
SBIETFPB.NS,
CPSEETF.NS,
AXISTECETF.NS,
ICICIBANKP.NS,
FISTIP2GPD-MF.NS,
